{"count":1,"self":29.531350399999997,"total":177.39832189999998,"children":{"InitializeActuators":{"count":18,"self":0.0019959,"total":0.0019959,"children":null},"InitializeSensors":{"count":18,"self":0.0029912999999999997,"total":0.0029912999999999997,"children":null},"AgentSendState":{"count":43551,"self":1.6429402,"total":39.2651076,"children":{"CollectObservations":{"count":156798,"self":0.6186092,"total":0.6186092,"children":null},"WriteActionMask":{"count":156798,"self":0.32683809999999996,"total":0.32683809999999996,"children":null},"RequestDecision":{"count":156798,"self":1.4567023,"total":36.6767201,"children":{"AgentInfo.ToProto":{"count":156798,"self":1.5750492999999999,"total":35.2200178,"children":{"GenerateSensorData":{"count":156798,"self":33.644969599999996,"total":33.6449685,"children":null}}}}}}},"DecideAction":{"count":43551,"self":106.38519679999999,"total":106.38519799999999,"children":null},"AgentAct":{"count":43551,"self":1.3601016,"total":1.4296153,"children":{"AgentInfo.ToProto":{"count":227,"self":0.0055065999999999995,"total":0.0695137,"children":{"GenerateSensorData":{"count":227,"self":0.0640071,"total":0.0640071,"children":null}}}}},"AgentInfo.ToProto":{"count":2340,"self":0.0340889,"total":0.78106429999999993,"children":{"GenerateSensorData":{"count":2340,"self":0.7469754,"total":0.7469754,"children":null}}}},"gauges":{"My Behavior.CumulativeReward":{"count":2567,"max":1,"min":-1,"runningAverage":0.7588622,"value":1,"weightedAverage":0.9999999}},"metadata":{"timer_format_version":"0.1.0","start_time_seconds":"1699668145","unity_version":"2022.3.12f1","command_line_arguments":"C:\\Program Files\\Unity\\Hub\\Editor\\2022.3.12f1\\Editor\\Unity.exe -projectpath C:\\ExpML\\ML_Agents_Examples -useHub -hubIPC -cloudEnvironment production","communication_protocol_version":"1.5.0","com.unity.ml-agents_version":"3.0.0-exp.1","scene_name":"Basic","end_time_seconds":"1699668322"}}